"Qty";"Value";"Device";"Package";"Parts";"Description";"ARROW_PART_NUMBER";"ARROW_PRICE-STOCK";"CATEGORY";"CREATED_BY";"DESCRIPTION";"DIGIKEY";"HEIGHT";"MANUFACTURE";"MANUFACTURER";"MANUFACTURER_NAME";"MANUFACTURER_PART_NUMBER";"MF";"MOUSER";"MOUSER_PART_NUMBER";"MOUSER_PRICE-STOCK";"MPN";"OC_FARNELL";"OC_NEWARK";"OPERATING_TEMP";"PART_STATUS";"POPULARITY";"QUANITY";"ROHS_COMPLIANT";"SERIES";"SPICEPREFIX";"SUB-CATEGORY";"THERMALLOSS";"TYPE";"VALUE";
"2";" ";"EDGE-LIBRARY_RESISTOR0805";"EDGE-LIBRARY_0805";"R34, R35";"Generic Resistor Package";"";"";"";"";"";"311-0.0ARCT-ND";"";"";"";"";"";"";"";"";"";"RC0805JR-070RL";"";"";"";"";"";"";"";"";"";"";"";"";" ";
"28";"0.1uF";"EDGE-LIBRARY_TUTORIAL---FUSION-360_CCHIP-0402(1005-METRIC)";"EDGE-LIBRARY_TUTORIAL---FUSION-360_CAPC1005X60";"C2, C3, C8, C9, C28, C29, C30, C33, C34, C35, C36, C37, C38, C43, C45, C56, C57, C59, C60, C61, C62, C63, C65, C66, C67, C74, C78, C94";"Capacitor - Generic";"";"";"";"";"";"399-3521-1-ND";"";"";"Kemet";"";"";"";"";"";"";"C0402C104K4RACTU";"";"";"";"";"";"";"";"";"";"";"";"";"";
"1";"10.5k";"EDGE-LIBRARY_TUTORIAL---FUSION-360_R-USCHIP-0402(1005-METRIC)";"EDGE-LIBRARY_TUTORIAL---FUSION-360_RESC1005X40";"R10";"Resistor Fixed - ANSI";"";"";"";"";"";"YAG2951CT-ND";"";"";"Yageo";"";"";"";"";"";"";"RC0402FR-0710K5L";"";"";"";"";"";"";"";"";"";"";"";"";"";
"5";"10000pF";"EDGE-LIBRARY_TUTORIAL---FUSION-360_CCHIP-0402(1005-METRIC)";"EDGE-LIBRARY_TUTORIAL---FUSION-360_CAPC1005X60";"C6, C7, C42, C75, C95";"Capacitor - Generic";"";"";"";"";"";"1253-CM02X5R103M16AHCT-ND";"";"";"AVX Corporation";"";"";"";"";"";"";"CM02X5R103M16AH";"";"";"";"";"";"";"";"";"";"";"";"";"";
"1";"100uF";"875015119003";"CAPPM7343X200N";"C23";"Wurth Elektronik 100uF 6.3V dc Aluminium Polymer Capacitor, Surface Mount 7.3 x 4.3 x 1.9mm +105C 7.3mm";"";"";"";"";"";"732-13327-1-nd";"";"";"Wurth Elektronik";"";"";"";"710-875015119003";"";"";"875015119003";"";"";"";"";"";"";"";"";"";"";"";"";"";
"6";"10k";"EDGE-LIBRARY_TUTORIAL---FUSION-360_R-USCHIP-0402(1005-METRIC)";"EDGE-LIBRARY_TUTORIAL---FUSION-360_RESC1005X40";"R9, R33, R40, R51, R53, R55";"Resistor Fixed - ANSI";"";"";"";"";"";"2571-RM04J103CTTR-ND";"";"";"CAL-CHIP ELECTRONICS, INC.";"";"";"";"";"";"";"RM04J103CT";"";"";"";"";"";"";"";"";"";"";"";"";"";
"1";"10pF";"EDGE-LIBRARY_TUTORIAL---FUSION-360_CCHIP-0402(1005-METRIC)";"EDGE-LIBRARY_TUTORIAL---FUSION-360_CAPC1005X60";"C44";"Capacitor - Generic";"";"";"";"";"";"399-3521-1-ND";"";"";"Kyocera Avx";"";"";"";"";"";"";"478-04026D100JAT2ACT-ND";"";"";"";"";"";"";"";"";"";"";"";"";"";
"13";"10uF";"EDGE-LIBRARY_TUTORIAL---FUSION-360_CCHIP-0805(2012-METRIC)";"EDGE-LIBRARY_TUTORIAL---FUSION-360_CAPC2012X110";"C4, C5, C10, C25, C26, C27, C31, C32, C41, C47, C64, C76, C96";"Capacitor - Generic";"";"";"";"";"";"490-14381-1-ND";"";"";"Murata Electronics";"";"";"";"";"";"";"GRM21BR71A106KA73K";"";"";"";"";"";"";"";"";"";"";"";"";"";
"2";"115k";"EDGE-LIBRARY_TUTORIAL---FUSION-360_R-USCHIP-0402(1005-METRIC)";"EDGE-LIBRARY_TUTORIAL---FUSION-360_RESC1005X40";"R14, R28";"Resistor Fixed - ANSI";"";"";"";"";"";"A127517CT-ND";"";"";"TE Connectivity";"";"";"";"";"";"";"RP73PF1E115KBTD";"";"";"";"";"";"";"";"";"";"";"";"";"";
"1";"12k";"EDGE-LIBRARY_TUTORIAL---FUSION-360_R-USCHIP-0402(1005-METRIC)";"EDGE-LIBRARY_TUTORIAL---FUSION-360_RESC1005X40";"R52";"Resistor Fixed - ANSI";"";"";"";"";"";"311-12.0KLRCT-ND";"";"";"Stackpole Electronics Inc";"";"";"";"";"";"";"RC0402FR-0712KL";"";"";"";"";"";"";"";"";"";"";"";"";"";
"3";"12k";"EDGE-LIBRARY_TUTORIAL---FUSION-360_R-USCHIP-0402(1005-METRIC)";"EDGE-LIBRARY_TUTORIAL---FUSION-360_RESC1005X40";"R8, R26, R29";"Resistor Fixed - ANSI";"";"";"";"";"";"311-12.0KLRCT-ND";"";"";"Yageo";"";"";"";"";"";"";"RC0402FR-0712KL";"";"";"";"";"";"";"";"";"";"";"";"";"";
"1";"12pF";"EDGE-LIBRARY_TUTORIAL---FUSION-360_CCHIP-0402(1005-METRIC)";"EDGE-LIBRARY_TUTORIAL---FUSION-360_CAPC1005X60";"C46";"Capacitor - Generic";"";"";"";"";"";"478-04026A120KAT2ACT-ND";"";"";"Kyocera Avx";"";"";"";"";"";"";"04026A120KAT2A";"";"";"";"";"";"";"";"";"";"";"";"";"";
"3";"15.8k";"EDGE-LIBRARY_TUTORIAL---FUSION-360_R-USCHIP-0402(1005-METRIC)";"EDGE-LIBRARY_TUTORIAL---FUSION-360_RESC1005X40";"R2, R11, R36";"Resistor Fixed - ANSI";"";"";"";"";"";"541-15.8KLCT-ND";"";"";"Vishay Dale";"";"";"";"";"";"";"CRCW040215K8FKED";"";"";"";"";"";"";"";"";"";"";"";"";"";
"1";"15k";"EDGE-LIBRARY_TUTORIAL---FUSION-360_R-USCHIP-0402(1005-METRIC)";"EDGE-LIBRARY_TUTORIAL---FUSION-360_RESC1005X40";"R16";"Resistor Fixed - ANSI";"";"";"";"";"";"RMCF0402FT15K0CT-ND";"";"";"Stackpole Electronics Inc";"";"";"";"";"";"";"RMCF0402FT15K0";"";"";"";"";"";"";"";"";"";"";"";"";"";
"2";"15pF";"EDGE-LIBRARY_TUTORIAL---FUSION-360_CCHIP-0402(1005-METRIC)";"EDGE-LIBRARY_TUTORIAL---FUSION-360_CAPC1005X60";"C48, C73";"Capacitor - Generic";"";"";"";"";"";"2571-GMC04CG150J50NTTR-ND";"";"";"CAL-CHIP ELECTRONICS, INC.";"";"";"";"";"";"";"GMC04CG150J50NT";"";"";"";"";"";"";"";"";"";"";"";"";"";
"2";"16pF";"EDGE-LIBRARY_TUTORIAL---FUSION-360_CCHIP-0402(1005-METRIC)";"EDGE-LIBRARY_TUTORIAL---FUSION-360_CAPC1005X60";"C54, C55";"Capacitor - Generic";"";"";"";"";"";"399-C0402C160K3HACAUTOCT-ND";"";"";"Kemet";"";"";"";"";"";"";"C0402C160K3HACAUTO";"";"";"";"";"";"";"";"";"";"";"";"";"";
"1";"1751248";"1751248";"1751248";"X1";"MKDS 1/ 2-3,5 Printklemme";"";"";"";"";"";"";"";"";"";"";"";"";"";"";"";"";"unknown";"unknown";"";"";"24";"";"";"";"";"";"";"";"";
"4";"1uF";"EDGE-LIBRARY_TUTORIAL---FUSION-360_CCHIP-0402(1005-METRIC)";"EDGE-LIBRARY_TUTORIAL---FUSION-360_CAPC1005X60";"C77, C79, C80, C82";"Capacitor - Generic";"";"";"";"";"";"2873-C0402B105K016TCT-ND";"";"";"Holy Stone Enterprise Co., Ltd.";"";"";"";"";"";"";"C0402B105K016T";"";"";"";"";"";"";"";"";"";"";"";"";"";
"2";"2.2k";"EDGE-LIBRARY_TUTORIAL---FUSION-360_R-USCHIP-0402(1005-METRIC)";"EDGE-LIBRARY_TUTORIAL---FUSION-360_RESC1005X40";"R24, R25";"Resistor Fixed - ANSI";"";"";"";"";"";"2571-RM04J222CTTR-ND";"";"";"CAL-CHIP ELECTRONICS, INC.";"";"";"";"";"";"";"RM04J222CT";"";"";"";"";"";"";"";"";"";"";"";"";"";
"1";"2011-1X03G00SD025B";"CON-LSTB_MA03-1";"CON-LSTB_MA03-1";"J2";"PIN HEADER";"";"";"";"";"";"2553-2011-1X03G00SB-ND";"";"";"Oupiin";"";"";"";"";"";"";"2011-1X03G00SB";"";"";"";"";"";"";"";"";"";"";"";"";"";
"1";"2011-2X07G00SB";"CON-LSTB_MA07-2";"CON-LSTB_MA07-2";"J4";"PIN HEADER";"";"";"";"";"";"2553-2011-2X07G00SB-ND";"";"";"Oupiin";"";"";"";"";"";"";"2011-2X07G00SB";"";"";"";"";"";"";"";"";"";"";"";"";"";
"4";"22.1k";"EDGE-LIBRARY_TUTORIAL---FUSION-360_R-USCHIP-0402(1005-METRIC)";"EDGE-LIBRARY_TUTORIAL---FUSION-360_RESC1005X40";"R3, R15, R32, R38";"Resistor Fixed - ANSI";"";"";"";"";"";"2571-RN04D2212CT10-25TR-ND";"";"";"CAL-CHIP ELECTRONICS, INC.";"";"";"";"";"";"";"RN04D2212CT10-25";"";"";"";"";"";"";"";"";"";"";"";"";"";
"1";"22k";"EDGE-LIBRARY_TUTORIAL---FUSION-360_R-USCHIP-0402(1005-METRIC)";"EDGE-LIBRARY_TUTORIAL---FUSION-360_RESC1005X40";"R13";"Resistor Fixed - ANSI";"";"";"";"";"";"2571-RM04J222CTTR-ND";"";"";"CAL-CHIP ELECTRONICS, INC.";"";"";"";"";"";"";"RM04J223CT";"";"";"";"";"";"";"";"";"";"";"";"";"";
"19";"22uF";"EDGE-LIBRARY_TUTORIAL---FUSION-360_CCHIP-0402(1005-METRIC)";"EDGE-LIBRARY_TUTORIAL---FUSION-360_CAPC1005X60";"C1, C17, C18, C19, C20, C21, C22, C24, C51, C52, C53, C68, C69, C70, C81, C87, C88, C89, C90";"Capacitor - Generic";"";"";"";"";"";"2571-GMC04X5R226M6R3NTTR-ND";"";"";"CAL-CHIP ELECTRONICS, INC.";"";"";"";"";"";"";"GMC04X5R226M6R3NT";"";"";"";"";"";"";"";"";"";"";"";"";"";
"1";"2553-2011-1X03G00SB-ND";"CON-LSTB_MA03-1";"CON-LSTB_MA03-1";"J13";"PIN HEADER";"";"";"";"";"";"2553-2011-1X03G00SB-ND";"";"";"Oupiin";"";"";"";"";"";"";"2011-1X03G00SB";"";"";"";"";"";"";"";"";"";"";"";"";"";
"5";"2700pF";"EDGE-LIBRARY_TUTORIAL---FUSION-360_CCHIP-0402(1005-METRIC)";"EDGE-LIBRARY_TUTORIAL---FUSION-360_CAPC1005X60";"C13, C14, C49, C72, C92";"Capacitor - Generic";"";"";"";"";"";"2571-GMC04X5R272M50NTTR-ND";"";"";"CAL-CHIP ELECTRONICS, INC.";"";"";"";"";"";"";"GMC04X5R272M50NT";"";"";"";"";"";"";"";"";"";"";"";"";"";
"2";"27pF";"EDGE-LIBRARY_TUTORIAL---FUSION-360_CCHIP-0402(1005-METRIC)";"EDGE-LIBRARY_TUTORIAL---FUSION-360_CAPC1005X60";"C39, C40";"Capacitor - Generic";"";"";"";"";"";"490-17672-1-ND";"";"";"Murata Electronics";"";"";"";"";"";"";"GJM1555C1H270JB01D";"";"";"";"";"";"";"";"";"";"";"";"";"";
"1";"2k";"EDGE-LIBRARY_TUTORIAL---FUSION-360_R-USCHIP-0402(1005-METRIC)";"EDGE-LIBRARY_TUTORIAL---FUSION-360_RESC1005X40";"R54";"Resistor Fixed - ANSI";"";"";"";"";"";"RMCF0402JT2K00CT-ND";"";"";"Stackpole Electronics Inc";"";"";"";"";"";"";"RMCF0402JT2K00";"";"";"";"";"";"";"";"";"";"";"";"";"";
"1";"3.3uH 1.5A 70m";"74404032033";"INDPM3030X150N";"L7";"SMT Power Inductor";"";"";"";"";"SMT Power Inductor";"732-5494-1-ND";"";"";"Wurth Elektronik";"";"";"";"";"";"";"74404032033";"";"";"";"";"";"";"";"";"";"";"";"";"";
"2";"309k";"EDGE-LIBRARY_TUTORIAL---FUSION-360_R-USCHIP-0402(1005-METRIC)";"EDGE-LIBRARY_TUTORIAL---FUSION-360_RESC1005X40";"R1, R31";"Resistor Fixed - ANSI";"";"";"";"";"";"2571-RM04F3093CTTR-ND";"";"";"CAL-CHIP ELECTRONICS, INC.";"";"";"";"";"";"";"RM04F3093CT";"";"";"";"";"";"";"";"";"";"";"";"";"";
"1";"30V 200MA";"EDGE-LIBRARY_BAT54C";"EDGE-LIBRARY_SOT23";"D1";"Schottky Diodes";"";"";"";"";"";"BAT54C-FDICT-ND";"";"";"Diodes Incorporated";"";"";"";"";"";"";"BAT54C-7-F";"";"";"";"";"";"";"";"";"J";"";"";"";"";
"2";"33pF";"EDGE-LIBRARY_TUTORIAL---FUSION-360_CCHIP-0402(1005-METRIC)";"EDGE-LIBRARY_TUTORIAL---FUSION-360_CAPC1005X60";"C12, C93";"Capacitor - Generic";"";"";"";"";"";"2571-GMC04CG330J16NTTR-ND";"";"";"CAL-CHIP ELECTRONICS, INC.";"";"";"";"";"";"";"GMC04CG330J16NT";"";"";"";"";"";"";"";"";"";"";"";"";"";
"4";"36k";"EDGE-LIBRARY_TUTORIAL---FUSION-360_R-USCHIP-0402(1005-METRIC)";"EDGE-LIBRARY_TUTORIAL---FUSION-360_RESC1005X40";"R21, R22, R23, R27";"Resistor Fixed - ANSI";"";"";"";"";"";"311-36.0KLRCT-ND";"";"";"Yageo";"";"";"";"";"";"";"RC0402FR-0736KL";"";"";"";"";"";"";"";"";"";"";"";"";"";
"1";"37.4k";"EDGE-LIBRARY_TUTORIAL---FUSION-360_R-USCHIP-0402(1005-METRIC)";"EDGE-LIBRARY_TUTORIAL---FUSION-360_RESC1005X40";"R30";"Resistor Fixed - ANSI";"";"";"";"";"";"2571-RM04F3742CTTR-ND";"";"";"CAL-CHIP ELECTRONICS, INC.";"";"";"";"";"";"";"RM04F3742CT";"";"";"";"";"";"";"";"";"";"";"";"";"";
"10";"470";"EDGE-LIBRARY_TUTORIAL---FUSION-360_R-USCHIP-0402(1005-METRIC)";"EDGE-LIBRARY_TUTORIAL---FUSION-360_RESC1005X40";"R4, R5, R6, R7, R17, R18, R41, R48, R49, R50";"Resistor Fixed - ANSI";"";"";"";"";"";"311-470LRCT-ND";"";"";"Yageo";"";"";"";"";"";"";"RC0402FR-07470RL";"";"";"";"";"";"";"";"";"";"";"";"";"";
"2";"510k";"EDGE-LIBRARY_TUTORIAL---FUSION-360_R-USCHIP-0402(1005-METRIC)";"EDGE-LIBRARY_TUTORIAL---FUSION-360_RESC1005X40";"R19, R20";"Resistor Fixed - ANSI";"";"";"";"";"";"RMCF0402JT510KCT-ND";"";"";"Stackpole Electronics Inc";"";"";"";"";"";"";"RMCF0402JT510K";"";"";"";"";"";"";"";"";"";"";"";"";"";
"1";"56pF";"EDGE-LIBRARY_TUTORIAL---FUSION-360_CCHIP-0402(1005-METRIC)";"EDGE-LIBRARY_TUTORIAL---FUSION-360_CAPC1005X60";"C11";"Capacitor - Generic";"";"";"";"";"";"587-6134-1-ND";"";"";"Taiyo Yuden";"";"";"";"";"";"";"EMK042CG560JC-W";"";"";"";"";"";"";"";"";"";"";"";"";"";
"1";"67996-140HLF";"67996-140HLF";"HDRV40W67P254_2X20_5080X483X85";"J6";"AMPHENOL ICC (FCI) - 67996-140HLF - CONNECTOR, HEADER, 40POS, 2ROW, 2.54MM";"";"";"";"";"";"609-4925-ND";"";"";"Amphenol";"";"";"";"649-67996-140HLF";"";"";"67996-140HLF";"";"";"";"";"";"";"";"";"";"";"";"";"";
"1";"69.8k";"EDGE-LIBRARY_TUTORIAL---FUSION-360_R-USCHIP-0402(1005-METRIC)";"EDGE-LIBRARY_TUTORIAL---FUSION-360_RESC1005X40";"R12";"Resistor Fixed - ANSI";"";"";"";"";"";"RMCF0402FT69K8CT-ND";"";"";"Stackpole Electronics Inc";"";"";"";"";"";"";"RMCF0402FT69K8";"";"";"";"";"";"";"";"";"";"";"";"";"";
"4";"DNP";"EDGE-LIBRARY_TUTORIAL---FUSION-360_CCHIP-0402(1005-METRIC)";"EDGE-LIBRARY_TUTORIAL---FUSION-360_CAPC1005X60";"C83, C84, C85, C86";"Capacitor - Generic";"";"";"";"";"";"399-3521-1-ND";"";"";"Kemet";"";"";"";"";"";"";"C0402C104K4RACTU";"";"";"";"";"";"";"";"";"";"";"";"";"";
"5";"DNP";"EDGE-LIBRARY_TUTORIAL---FUSION-360_CCHIP-0402(1005-METRIC)";"EDGE-LIBRARY_TUTORIAL---FUSION-360_CAPC1005X60";"C15, C16, C50, C71, C91";"Capacitor - Generic";"";"";"";"";"";"";"";"";"";"";"";"";"";"";"";"";"";"";"";"";"";"";"";"";"";"";"";"";"";
"2";"EDGE-LIBRARY_74LVC1G07SE-7";"EDGE-LIBRARY_74LVC1G07SE-7";"EDGE-LIBRARY_SOT65P210X110-5N";"U4, U11";"Check prices";"";"";"";"";"";"74LVC1G07SE-7DICT-ND";"";"";"Diodes Inc";"";"";"";"";"";"";"74LVC1G07SE-7";"";"";"";"";"";"";"";"";"";"";"";"";"";
"1";"EDGE-LIBRARY_ABM8-24.000MHZ-B2-T_ABM8-24.000MHZ-B2-T";"EDGE-LIBRARY_ABM8-24.000MHZ-B2-T_ABM8-24.000MHZ-B2-T";"EDGE-LIBRARY_ABM8-24.000MHZ-B2-T_OSCSC320X250X100N";"Y2";"Crystal 24MHz Â±20ppm (Tol) Â±30ppm (Stability) 18pF FUND 80Ohm 4-Pin Mini-CSMD T/R";"";"";"";"";"";"535-9138-1-ND";"";"";"Abracon";"";"";"";"";"";"";"ABM8-24.000MHZ-B2-T";"";"";"";"";"";"";"";"";"";"";"";"";"";
"1";"EDGE-LIBRARY_AP2553AW6-7";"EDGE-LIBRARY_AP2553AW6-7";"EDGE-LIBRARY_SOT95P280X140-6N";"U9";"";"";"";"";"";"";"31-AP22653AW6-7CT-ND";"";"";"Diodes Incorporated";"";"";"";"";"";"";"AP22653AW6-7";"";"";"";"";"";"";"";"";"";"";"";"";"";
"5";"EDGE-LIBRARY_AP64501_AP64501";"EDGE-LIBRARY_AP64501_AP64501";"EDGE-LIBRARY_AP64501_SOIC127P600X265-9T261X350N";"U3, U7, U8, U15, U20";"";"";"";"";"";"";"AP64501SP-13CT-ND";"";"";"Diodes Incorporated";"";"";"";"";"";"";"AP64501SP-13";"";"";"";"";"";"";"";"";"";"";"";"";"";
"1";"EDGE-LIBRARY_BATTERY_HOLDER";"EDGE-LIBRARY_BATTERY_HOLDER";"EDGE-LIBRARY_79523141";"BT1";"BATTERY RETAINER COIN 20MM SMD";"";"";"";"PCBLayout.com";"";"732-12323-2-ND";"";"";"Wurth Electronics Inc.";"";"";"";"";"";"";"79523141";"";"";"";"";"";"";"";"";"";"";"";"";"";
"1";"EDGE-LIBRARY_HDMI_CONNECTOR_RT_SMA";"EDGE-LIBRARY_HDMI_CONNECTOR_RT_SMA";"EDGE-LIBRARY_STEWART_SS-53000-001";"J7";"HDMI Connector | Right Angle | Without Flange | -20C to 85C";"";"";"";"";"";"380-SS-53000-001-ND";"";"";"Stewart Connector";"";"";"";"";"";"";"SS-53000-001";"";"";"";"";"";"";"";"";"";"";"";"";"";
"2";"EDGE-LIBRARY_L836-1J1T-43_L836-1J1T-43";"EDGE-LIBRARY_L836-1J1T-43_L836-1J1T-43";"EDGE-LIBRARY_L836-1J1T-43_BEL_L836-1J1T-43";"J5, J17";"1X1 | GIGABIT | Tab Down | Low Profile | With LED";"";"";"";"";"";"507-2236-ND";"";"";"Bel Magnetic Solutions";"";"";"";"";"";"";"L836-1J1T-43";"";"";"";"";"";"";"";"";"";"";"";"";"";
"1";"EDGE-LIBRARY_MMBZ5242BLT3G";"EDGE-LIBRARY_MMBZ5242BLT3G";"EDGE-LIBRARY_SOT23";"D3";"Diode Ziner 12V 225mW SOT23-3";"";"";"";"";"";"MMBZ5242BLT3GOSCT-ND";"";"";"On Semiconductor";"";"";"";"";"";"";"MMBZ5242BLT3G";"";"";"";"";"";"";"";"";"";"";"";"";"";
"1";"EDGE-LIBRARY_PCIE_CONNECTOR_36POS";"EDGE-LIBRARY_PCIE_CONNECTOR_36POS";"EDGE-LIBRARY_AMPHENOL_10018784-10210TLF";"J9";"Conn PCI Express Card Edge SKT 36 POS 2mm Solder ST Thru-Hole Tray";"";"";"";"";"";"609-2029-ND";"";"";"Amphenol ICC";"";"";"";"";"";"";"10018784-10210TLF";"";"";"";"";"";"";"";"";"";"";"";"";"";
"1";"EDGE-LIBRARY_RPI-CM4";"EDGE-LIBRARY_RPI-CM4";"EDGE-LIBRARY_RPI-CM4";"MOD1";"";"";"";"";"";"";"H11615CT-ND";"";"";"Hirose Electric Co Ltd";"";"";"";"";"";"";"DF40C-0.4V(51)";"";"";"";"";"";"2";"";"";"";"";"";"";"";
"3";"EDGE-LIBRARY_SRN6045TA-3R3Y_SRN6045TA-3R3Y";"EDGE-LIBRARY_SRN6045TA-3R3Y_SRN6045TA-3R3Y";"EDGE-LIBRARY_SRN6045TA-3R3Y_IND_SRN6045TA-3R3Y";"L1, L3, L4";"Inductor Power Semi-Shielded Wirewound 220uH 20% 1MHz 15Q-Factor Ferrite 600mA 900mOhm DCR 2424 Automotive T/R";"";"";"";"";"";"SRN6045TA-3R3YCT-ND";"";"";"Bourns";"";"";"";"";"";"";"SRN6045TA-3R3Y";"";"";"";"";"";"";"";"";"";"";"";"";"";
"2";"EDGE-LIBRARY_SRN6045TA-3R3Y_SRN6045TA-3R3Y";"EDGE-LIBRARY_SRN6045TA-3R3Y_SRN6045TA-3R3Y";"EDGE-LIBRARY_SRN6045TA-3R3Y_IND_SRN6045TA-3R3Y";"L2, L5";"Inductor Power Semi-Shielded Wirewound 220uH 20% 1MHz 15Q-Factor Ferrite 600mA 900mOhm DCR 2424 Automotive T/R";"";"";"";"";"";"SRN6045TA-6R8MCT-ND";"";"";"Bourns";"";"";"";"";"";"";"SRN6045TA-6R8M";"";"";"";"";"";"";"";"";"";"";"";"";"";
"6";"EDGE-LIBRARY_TPD4EUSB30DQAR_TPD4EUSB30DQAR";"EDGE-LIBRARY_TPD4EUSB30DQAR_TPD4EUSB30DQAR";"EDGE-LIBRARY_TPD4EUSB30DQAR_IC_TPD4EUSB30DQAR";"U1, U2, U12, U18, U19, U21";"4-channel ESD solution for SuperSpeed (6 Gbps) USB 3.0 interface 10-USON -40 to 85";"";"";"";"";"";"296-28063-1-ND";"";"";"Texas Instruments";"";"";"";"";"";"";"TPD4EUSB30DQAR";"";"";"";"";"";"";"";"";"";"";"";"";"";
"1";"EDGE-LIBRARY_USB2514B-I_M2_USB2514B-I/M2";"EDGE-LIBRARY_USB2514B-I_M2_USB2514B-I/M2";"EDGE-LIBRARY_USB2514B-I_M2_QFN50P600X600X100-37N";"U13";"None Check prices";"";"";"";"";" USB Hub Controller USB Interface 36-SQFN (6x6) ";"USB2514B-I/M2-ND";"";"";"Microchip";"";"";"";"";"";"";"USB2514B-I/M2";"";"";"";"";"";"";"";"";"";"";"";"";"";
"1";"EDGE-LIBRARY_USB_A_2PORT_STACKED_SMA";"EDGE-LIBRARY_USB_A_2PORT_STACKED_SMA";"EDGE-LIBRARY_67298-4090_MOLEX_67298-4090";"J14";"Conn USB Type A RCP 4/4 POS Solder RA Thru-Hole 8 Terminal 2 Port Tray";"";"";"";"";" USB-A (USB TYPE-A), Stacked Receptacle Connector 8 Position Through Hole, Right Angle ";"WM17130-ND";"";"";"Molex";"";"";"";"";"";"";"672984090";"";"";"";"";"";"";"";"";"";"";"";"";"";
"1";"FSUSB42UMX";"FSUSB42UMX";"QFN40P140X180X55-10N";"U14";"IC, Fairchild, FSUSB42UMX";"FSUSB42UMX";"https://www.arrow.com/en/products/fsusb42umx/on-semiconductor?region=nac";"";"";"IC, Fairchild, FSUSB42UMX";"";"0.55mm";"";"";"ON Semiconductor";"FSUSB42UMX";"";"";"512-FSUSB42UMX";"https://www.mouser.co.uk/ProductDetail/ON-Semiconductor-Fairchild/FSUSB42UMX?qs=eJLAyKFqilUl3553fx9DLQ%3D%3D";"";"";"";"";"";"";"";"";"";"";"";"";"";"";
"2";"L712RAS_L712RAS";"L712RAS_L712RAS";"L712RAS_SWITCHCRAFT_L712RAS";"J3, J16";"Power Barrel Connector Jack 2.50mm ID (0.098"), 5.50mm OD (0.217") Panel Mount, Through Hole, Right Angle  Check prices";"";"";"";"";" Power Barrel Connector Jack 2.50mm ID (0.098), 5.50mm OD (0.217) Panel Mount, Through Hole, Right Angle ";"SC1394-ND";"";"";"Switchcraft";"";"";"";"";"";"";"L712RAS";"";"";"";"";"";"";"";"";"";"";"";"";"";
"1";"LAN7800-I_VSX";"LAN7800-I_VSX";"QFN40P600X600X90-49N";"U16";"USB Interface IC USB3.1 Gen1 to 10/100/1000 Ethernet Bridge, Industrial temp.";"";"";"";"";"";"LAN7800-I/VSX-ND";"";"";"Microchip";"";"";"";"";"";"";"LAN7800-I/VSX";"";"";"";"";"";"";"";"";"";"";"";"";"";
"4";"LTST-S270KGKT";"LED_LEDCHIP-LED0603";"LED_CHIP-LED0603";"LED1, LED2, LED3, LED4";"LED";"";"";"";"";"";"LTST-S270KGKT";"";"";"Lite-On Inc";"";"";"";"";"";"";"LTST-S270KGKT";"";"";"";"";"";"";"";"";"";"";"";"";"";
"1";"MCP7940N-E_MS";"MCP7940N-E_MS";"SOP65P490X110-8N";"U10";"Real Time Clock I2C GP RTCC 64B SRAM , EXT";"";"";"";"";"";"MCP7940NT-E/MSCT-ND";"";"";"Microchip";"";"";"";"579-MCP7940N-E/MS";"";"";"MCP7940N-E/MS";"";"";"";"";"";"";"";"";"";"";"";"";"";
"1";"MIC2025-2YMM";"MIC2025-2YMM";"SOP65P490X110-8N";"U5";"Power Switch ICs - Power Distribution USB High-Side Power Switch";"";"";"";"";"";"MIC2025-2YM-CT-ND";"";"";"Microchip";"";"";"";"998-MIC2025-2YMM";"";"";"MIC2025-2YMM";"";"";"";"";"";"";"";"";"";"";"";"";"";
"3";"MOUNTING_HOLE";"MOUNTING_HOLE";"BEAGLEBONEBLACK_MOUNTING_HOLE";"MGT11, MGT12, MGT13";"Chassis Mounting Hole w/GND connection ability";"";"";"";"";"";"";"";"";"";"";"";"";"";"";"";"";"";"";"";"";"";"";"";"";"";"";"";"";"";
"7";"MOUNTING_HOLE";"MOUNTING_HOLE";"BEAGLEBONEBLACK_MOUNTING_HOLE";"MGT1, MGT2, MGT3, MGT4, MGT5, MGT6, MGT14";"Chassis Mounting Hole w/GND connection ability";"";"";"";"";"";"DNP";"";"";"";"";"";"";"";"";"";"";"";"";"";"";"";"";"";"";"";"";"";"";"";
"1";"PINHD-2X5";"PINHD-2X5";"2X05";"JP1";"PIN HEADER";"";"";"CONNECTOR";"";"";"2553-2011-2X05G00SB-ND";"";"";"Oupiin";"";"";"";"";"";"";"2011-2X05G00SB";"";"";"";"";"";"";"";"";"";"PIN-HEADER";"";"";"";
"1";"RQ3E120ATTB";"RQ3E120ATTB";"RQ3E100ATTB";"Q2";"RQ3E100ATTB P-Channel MOSFET, 31 A, 30 V RQ3E100AT, 8-Pin HSMT ROHM";"";"";"";"";"";"RQ3E120ATTBCT-ND";"";"";"ROHM Semiconductor";"";"";"";"755-RQ3E100ATTB";"";"";"RQ3E100ATTB";"";"";"";"";"";"";"";"";"";"";"";"";"";
"1";"SAMACSYS_PARTS_93AA66AT-I_OT";"SAMACSYS_PARTS_93AA66AT-I_OT";"SAMACSYS_PARTS_SOT95P270X145-6N";"U17";"4K, 512 X 8 SERIAL EEPROM,1.8V,IND";"";"";"";"";"";"93AA66AT-I/OTCT-ND";"";"";"Microchip";"";"";"";"";"";"";"93AA66AT-I/OT";"";"";"";"";"";"";"";"";"";"";"";"";"";
"1";"SAMACSYS_PARTS_ABM8G-25.000MHZ-B4Y-T3";"SAMACSYS_PARTS_ABM8G-25.000MHZ-B4Y-T3";"SAMACSYS_PARTS_ABM8G48000MHZ18D2YT";"Y3";"ABRACON - ABM8G-25.000MHZ-B4Y-T3 - CRYSTAL, 25MHZ, 10PF, 3.2MM X 2.5MM";"";"";"";"";"ABRACON - ABM8G-25.000MHZ-B4Y-T3 - CRYSTAL, 25MHZ, 10PF, 3.2MM X 2.5MM";"535-14315-1-ND";"";"";"ABRACON";"";"";"";"";"";"";"ABM8G-25.000MHZ-B4Y-T3";"";"";"";"";"";"";"";"";"";"";"";"";"";
"1";"SAMACSYS_PARTS_BLM18PG121SN1D";"SAMACSYS_PARTS_BLM18PG121SN1D";"SAMACSYS_PARTS_BLM18AG102BH1D";"FB6";"Ferrite bead SMD 0603 120R 2A Murata Ferrite Bead (Chip Ferrite Bead), 1.6 x 0.8 x 0.8mm (0603), 120 impedance at 100 MHz";"";"";"";"";"Ferrite bead SMD 0603 120R 2A Murata Ferrite Bead (Chip Ferrite Bead), 1.6 x 0.8 x 0.8mm (0603), 120 impedance at 100 MHz";"490-1037-1-ND";"";"";"Murata Electronics";"";"";"";"";"";"";"BLM18PG121SN1D";"";"";"";"";"";"";"";"";"";"";"";"";"";
"1";"SAMACSYS_PARTS_TPS3850G33DRCT";"SAMACSYS_PARTS_TPS3850G33DRCT";"SAMACSYS_PARTS_SON50P300X300X100-11N";"U6";"Precision window supervisor for OV & UV monitoring with window watchdog timer & programmable delay";"";"";"";"";"Precision window supervisor for OV & UV monitoring with window watchdog timer & programmable delay";"2156-TPS3850G33DRCR-ND";"";"";"Texas Instruments";"";"";"";"";"";"";"TPS3850G33DRCT";"";"";"";"";"";"";"";"";"";"";"";"";"";
"3";"TLPR5600";"TLPR5600";"TLPP5600";"LED5, LED6, LED7";"LED S.VIEW RED TINT. DIFF-e4";"";"";"";"";"";"DNP";"";"";"Vishay";"";"";"";"DNP";"";"";"TLPR5600";"";"";"";"";"";"";"";"";"";"";"";"";"";
"1";"TSW-103-07-L-T";"TSW-103-07-L-T";"HDRV9W64P254_3X3_762X749X838P";"J19";"CONN HEADER 9 POS .100"";"";"";"";"";"";"SAM15360-ND";"";"";"SAMTEC";"";"";"";"200-TSW10307LT";"";"";"TSW-103-07-L-T";"";"";"";"";"";"";"";"";"";"";"";"";"";
"3";"WLBD2012HCU121TH791-WLBD2012HCU121TH";"WLBD2012HCU121TH791-WLBD2012HCU121TH";"EDGE-LIBRARY_0805";"FB1, FB2, FB3";"Ferrite bead SMD 0603 120R 2A Murata Ferrite Bead (Chip Ferrite Bead), 1.6 x 0.8 x 0.8mm (0603), 120 impedance at 100 MHz";"";"";"";"";"";"";"";"";"Waisin";"";"";"";"791-WLBD2012HCU121TH";"";"";"WLBD2012HCU121TH";"";"";"";"";"";"";"";"";"";"";"";"";"";
"1";"XTAL32.7682-SMD";"XTAL32.7682-SMD";"XTAL_ECS-.327-12.5-34R-TR";"Y1";"";"";"";"";"";"";"3003-QT3C-32.768KDZY-T-ND";"";"";"QST";"";"";"";"";"";"";"QT3C-32.768KDZY-T";"";"";"";"";"";"";"";"";"";"";"";"";"";
"1";"ZX62-B-5PA_33_";"ZX62-B-5PA_33_";"ZX62B5PA33";"J18";"USB Connectors MICRO B RECEPT RA SMT BTTM MNT";"";"";"";"";"";"H125270CT-ND";"";"";"Hirose";"";"";"";"";"";"";"ZX62-B-5PA(33)";"";"";"";"";"";"";"";"";"";"";"";"";"";
